Q no 1: find all emp with name ending with R
mysql> select * from emp where regexp_like(ename,'R$');
+-------+--------+----------+------+------------+---------+------+--------+
| EMPNO | ENAME  | JOB      | MGR  | HIREDATE   | SAL     | COMM | DEPTNO |
+-------+--------+----------+------+------------+---------+------+--------+
|  7844 | TURNER | SALESMAN | 7698 | 1981-09-08 | 1650.00 | 0.00 |     30 |
|  7934 | MILLER | CLERK    | 7782 | 1982-01-23 | 1430.00 | NULL |     10 |
+-------+--------+----------+------+------------+---------+------+--------+
2 rows in set (0.01 sec)
----------------------------------------------------------------------------------------------------
Q no 2: find all emp with name sarting with M and ending with R
mysql> select * from emp where regexp_like(ename,'^M.*R$');
+-------+--------+-------+------+------------+---------+------+--------+
| EMPNO | ENAME  | JOB   | MGR  | HIREDATE   | SAL     | COMM | DEPTNO |
+-------+--------+-------+------+------------+---------+------+--------+
|  7934 | MILLER | CLERK | 7782 | 1982-01-23 | 1430.00 | NULL |     10 |
+-------+--------+-------+------+------------+---------+------+--------+
1 row in set (0.00 sec)
----------------------------------------------------------------------------------------------------
Q no 3: find all emp with name sarting with either M or A
mysql> select * from emp where regexp_like(ename,'^M|^R');
+-------+--------+----------+------+------------+---------+---------+--------+
| EMPNO | ENAME  | JOB      | MGR  | HIREDATE   | SAL     | COMM    | DEPTNO |
+-------+--------+----------+------+------------+---------+---------+--------+
|  7654 | MARTIN | SALESMAN | 7698 | 1981-09-28 | 1375.00 | 1400.00 |     30 |
|  7934 | MILLER | CLERK    | 7782 | 1982-01-23 | 1430.00 |    NULL |     10 |
+-------+--------+----------+------+------------+---------+---------+--------+
2 rows in set (0.00 sec)

mysql> select * from emp where regexp_like(ename,'^[mr].*');
+-------+--------+----------+------+------------+---------+---------+--------+
| EMPNO | ENAME  | JOB      | MGR  | HIREDATE   | SAL     | COMM    | DEPTNO |
+-------+--------+----------+------+------------+---------+---------+--------+
|  7654 | MARTIN | SALESMAN | 7698 | 1981-09-28 | 1375.00 | 1400.00 |     30 |
|  7934 | MILLER | CLERK    | 7782 | 1982-01-23 | 1430.00 |    NULL |     10 |
+-------+--------+----------+------+------------+---------+---------+--------+
2 rows in set (0.00 sec)
----------------------------------------------------------------------------------------------------
Q no 4 : list employee name having letter L as the second char
mysql> select * from emp where ENAME like "_L%";
+-------+-------+----------+------+------------+---------+--------+--------+
| EMPNO | ENAME | JOB      | MGR  | HIREDATE   | SAL     | COMM   | DEPTNO |
+-------+-------+----------+------+------------+---------+--------+--------+
|  7499 | ALLEN | SALESMAN | 7698 | 1981-02-20 | 1760.00 | 300.00 |     30 |
|  7698 | BLAKE | MANAGER  | 7839 | 1981-05-01 | 3135.00 |   NULL |     30 |
|  7782 | CLARK | MANAGER  | 7839 | 1981-06-09 | 2695.00 |   NULL |     10 |
+-------+-------+----------+------+------------+---------+--------+--------+
3 rows in set (0.00 sec)
----------------------------------------------------------------------------------------------------
Q no 5: find emp with name having L at 3rd position
mysql> select * from emp where ENAME like "__L%";
+-------+--------+----------+------+------------+---------+--------+--------+
| EMPNO | ENAME  | JOB      | MGR  | HIREDATE   | SAL     | COMM   | DEPTNO |
+-------+--------+----------+------+------------+---------+--------+--------+
|  7499 | ALLEN  | SALESMAN | 7698 | 1981-02-20 | 1760.00 | 300.00 |     30 |
|  7934 | MILLER | CLERK    | 7782 | 1982-01-23 | 1430.00 |   NULL |     10 |
+-------+--------+----------+------+------------+---------+--------+--------+
2 rows in set (0.00 sec)
----------------------------------------------------------------------------------------------------
Q no 6: list all emp with name ending by ES
mysql> select * from emp where regexp_like(ename,'.*ES$');
+-------+-------+---------+------+------------+---------+------+--------+
| EMPNO | ENAME | JOB     | MGR  | HIREDATE   | SAL     | COMM | DEPTNO |
+-------+-------+---------+------+------------+---------+------+--------+
|  7566 | JONES | MANAGER | 7839 | 1981-04-02 | 3272.50 | NULL |     20 |
|  7900 | JAMES | CLERK   | 7698 | 1981-12-03 | 1045.00 | NULL |     30 |
+-------+-------+---------+------+------------+---------+------+--------+
2 rows in set (0.00 sec)
----------------------------------------------------------------------------------------------------
Q no 7: list emp with job start with C and Ending with K
mysql> select * from emp where regexp_like(ename,'^c.*k$');
+-------+-------+---------+------+------------+---------+------+--------+
| EMPNO | ENAME | JOB     | MGR  | HIREDATE   | SAL     | COMM | DEPTNO |
+-------+-------+---------+------+------------+---------+------+--------+
|  7782 | CLARK | MANAGER | 7839 | 1981-06-09 | 2695.00 | NULL |     10 |
+-------+-------+---------+------+------------+---------+------+--------+
1 row in set (0.00 sec)
----------------------------------------------------------------------------------------------------
Q no 8: find all emp with name star with either M or A and last char as either R or E
mysql> select * from emp where regexp_like(ename,'^[MA].*[RE]$');
+-------+--------+-------+------+------------+---------+------+--------+
| EMPNO | ENAME  | JOB   | MGR  | HIREDATE   | SAL     | COMM | DEPTNO |
+-------+--------+-------+------+------------+---------+------+--------+
|  7934 | MILLER | CLERK | 7782 | 1982-01-23 | 1430.00 | NULL |     10 |
+-------+--------+-------+------+------------+---------+------+--------+
1 row in set (0.00 sec)
----------------------------------------------------------------------------------------------------
Q no 9: find all emp with name start with A or M and end E
mysql> select * from emp where regexp_like(ename,'^[am].*E$');
Empty set (0.00 sec)
----------------------------------------------------------------------------------------------------
Q no 10: all emp with name start A S and end N H
mysql> select * from emp where regexp_like(ename,'^[AS].*[SH]$');
orrrrrrrrrrrrrrrr
mysql> select * from emp where regexp_like(ename,'^[A].*[S]$') or regexp_like(ename,'^[s].*[h]$');
+-------+-------+-------+------+------------+---------+------+--------+
| EMPNO | ENAME | JOB   | MGR  | HIREDATE   | SAL     | COMM | DEPTNO |
+-------+-------+-------+------+------------+---------+------+--------+
|  7369 | SMITH | CLERK | 7902 | 1980-12-17 |  880.00 | NULL |     20 |
|  7876 | ADAMS | CLERK | 7788 | 1983-01-12 | 1100.00 | NULL |     20 |
+-------+-------+-------+------+------------+---------+------+--------+
2 rows in set (0.00 sec)
 
----------------------------------------------------------------------------------------------------
Q no 11: emp with name start M having L at 3rd position and end eith R
mysql> select * from emp where regexp_like(ename,'^m.l.*r$');
+-------+--------+-------+------+------------+---------+------+--------+
| EMPNO | ENAME  | JOB   | MGR  | HIREDATE   | SAL     | COMM | DEPTNO |
+-------+--------+-------+------+------------+---------+------+--------+
|  7934 | MILLER | CLERK | 7782 | 1982-01-23 | 1430.00 | NULL |     10 |
+-------+--------+-------+------+------------+---------+------+--------+
1 row in set (0.00 sec)
----------------------------------------------------------------------------------------------------
Q no 12: emp with name L 3rd position and E 2nd Last position
mysql> select * from emp where ENAME like "__L%E_";
+-------+--------+----------+------+------------+---------+--------+--------+
| EMPNO | ENAME  | JOB      | MGR  | HIREDATE   | SAL     | COMM   | DEPTNO |
+-------+--------+----------+------+------------+---------+--------+--------+
|  7499 | ALLEN  | SALESMAN | 7698 | 1981-02-20 | 1760.00 | 300.00 |     30 |
|  7934 | MILLER | CLERK    | 7782 | 1982-01-23 | 1430.00 |   NULL |     10 |
+-------+--------+----------+------+------------+---------+--------+--------+
2 rows in set (0.00 sec)
----------------------------------------------------------------------------------------------------
Q no 13: emp with name not start with A or M
mysql> select * from emp where regexp_like(ename,'^[^AM]');
+-------+--------+-----------+------+------------+---------+--------+--------+
| EMPNO | ENAME  | JOB       | MGR  | HIREDATE   | SAL     | COMM   | DEPTNO |
+-------+--------+-----------+------+------------+---------+--------+--------+
|  7369 | SMITH  | CLERK     | 7902 | 1980-12-17 |  880.00 |   NULL |     20 |
|  7521 | WARD   | SALESMAN  | 7698 | 1981-02-22 | 1375.00 | 500.00 |     30 |
|  7566 | JONES  | MANAGER   | 7839 | 1981-04-02 | 3272.50 |   NULL |     20 |
|  7698 | BLAKE  | MANAGER   | 7839 | 1981-05-01 | 3135.00 |   NULL |     30 |
|  7782 | CLARK  | MANAGER   | 7839 | 1981-06-09 | 2695.00 |   NULL |     10 |
|  7788 | SCOTT  | ANALYST   | 7566 | 1982-12-09 | 3000.00 |   NULL |     20 |
|  7839 | KING   | PRESIDENT | NULL | 1981-11-17 | 5500.00 |   NULL |     10 |
|  7844 | TURNER | SALESMAN  | 7698 | 1981-09-08 | 1650.00 |   0.00 |     30 |
|  7900 | JAMES  | CLERK     | 7698 | 1981-12-03 | 1045.00 |   NULL |     30 |
|  7902 | FORD   | ANALYST   | 7566 | 1981-12-03 | 3300.00 |   NULL |     20 |
+-------+--------+-----------+------+------------+---------+--------+--------+
10 rows in set (0.00 sec)
----------------------------------------------------------------------------------------------------
Q no 14 : aall emp with sal > 1000 and sal<3000 and job has A at starting position and ends with T
mysql> select * from emp where sal>1000 and sal<3000 and regexp_like(job,'^A.*T$');
Empty set (0.00 sec)
----------------------------------------------------------------------------------------------------
Q no 15: display empno, ename, sal, increased sal by 10% and comm for all emp whose name start with A,M or S
mysql> select empno,ename,sal+(sal*0.10), comm+(comm*0.10) from emp where regexp_like(ename,'^[AMS]');
+-------+--------+----------------+------------------+
| empno | ename  | sal+(sal*0.10) | comm+(comm*0.10) |
+-------+--------+----------------+------------------+
|  7369 | SMITH  |       968.0000 |             NULL |
|  7499 | ALLEN  |      1936.0000 |         330.0000 |
|  7654 | MARTIN |      1512.5000 |        1540.0000 |
|  7788 | SCOTT  |      3300.0000 |             NULL |
|  7876 | ADAMS  |      1210.0000 |             NULL |
|  7934 | MILLER |      1573.0000 |             NULL |
+-------+--------+----------------+------------------+
6 rows in set (0.00 sec)
----------------------------------------------------------------------------------------------------
Q no 16: display name start with A and end with N or S, work deptno 10
mysql> select * from emp where regexp_like(ename,'^A.*[NS]$') and deptno = 10;
Empty set (0.00 sec)
----------------------------------------------------------------------------------------------------
Q no 17: emp whose name has atleast 8 charc
mysql> select *, length(dname)<=8 from dept;
+--------+------------+----------+------------------+
| DEPTNO | DNAME      | LOC      | length(dname)<=8 |
+--------+------------+----------+------------------+
|     10 | ACCOUNTING | NEW YORK |                0 |
|     20 | RESEARCH   | DALLAS   |                1 |
|     30 | SALES      | CHICAGO  |                1 |
|     40 | OPERATIONS | BOSTON   |                0 |
+--------+------------+----------+------------------+
4 rows in set (0.00 sec)
----------------------------------------------------------------------------------------------------
Q no 18: list emp having name E as a second last char
mysql> select * from emp where ename like '%E_';
+-------+--------+----------+------+------------+---------+--------+--------+
| EMPNO | ENAME  | JOB      | MGR  | HIREDATE   | SAL     | COMM   | DEPTNO |
+-------+--------+----------+------+------------+---------+--------+--------+
|  7499 | ALLEN  | SALESMAN | 7698 | 1981-02-20 | 1760.00 | 300.00 |     30 |
|  7566 | JONES  | MANAGER  | 7839 | 1981-04-02 | 3272.50 |   NULL |     20 |
|  7844 | TURNER | SALESMAN | 7698 | 1981-09-08 | 1650.00 |   0.00 |     30 |
|  7900 | JAMES  | CLERK    | 7698 | 1981-12-03 | 1045.00 |   NULL |     30 |
|  7934 | MILLER | CLERK    | 7782 | 1982-01-23 | 1430.00 |   NULL |     10 |
+-------+--------+----------+------+------------+---------+--------+--------+
5 rows in set (0.00 sec)
----------------------------------------------------------------------------------------------------
Q no 19:List the details of the employee, whose names start with 'A' and end with 'S' or whose names contains N as the second or third character, and end with either 'N', or 'S'.
mysql> select * from emp where regexp_like(ename,'^A.*S$|.N.*[NS]$');
+-------+-------+---------+------+------------+---------+------+--------+
| EMPNO | ENAME | JOB     | MGR  | HIREDATE   | SAL     | COMM | DEPTNO |
+-------+-------+---------+------+------------+---------+------+--------+
|  7566 | JONES | MANAGER | 7839 | 1981-04-02 | 3272.50 | NULL |     20 |
|  7876 | ADAMS | CLERK   | 7788 | 1983-01-12 | 1100.00 | NULL |     20 |
+-------+-------+---------+------+------------+---------+------+--------+
2 rows in set (0.00 sec)
----------------------------------------------------------------------------------------------------
Q no 20:List employees whose name starts with either 'A' or 'S' in dept 20.
mysql> select * from emp where deptno=20 and regexp_like(ename,'^[AS].*');
+-------+-------+---------+------+------------+---------+------+--------+
| EMPNO | ENAME | JOB     | MGR  | HIREDATE   | SAL     | COMM | DEPTNO |
+-------+-------+---------+------+------------+---------+------+--------+
|  7369 | SMITH | CLERK   | 7902 | 1980-12-17 |  880.00 | NULL |     20 |
|  7788 | SCOTT | ANALYST | 7566 | 1982-12-09 | 3000.00 | NULL |     20 |
|  7876 | ADAMS | CLERK   | 7788 | 1983-01-12 | 1100.00 | NULL |     20 |
+-------+-------+---------+------+------------+---------+------+--------+
3 rows in set (0.00 sec)
----------------------------------------------------------------------------------------------------
Q no 21: To list all employees with job starting with C, E at 3rd position and ending with K.
mysql> select * from emp where regexp_like(job,'^C.E.*K$');
+-------+--------+-------+------+------------+---------+------+--------+
| EMPNO | ENAME  | JOB   | MGR  | HIREDATE   | SAL     | COMM | DEPTNO |
+-------+--------+-------+------+------------+---------+------+--------+
|  7369 | SMITH  | CLERK | 7902 | 1980-12-17 |  880.00 | NULL |     20 |
|  7876 | ADAMS  | CLERK | 7788 | 1983-01-12 | 1100.00 | NULL |     20 |
|  7900 | JAMES  | CLERK | 7698 | 1981-12-03 | 1045.00 | NULL |     30 |
|  7934 | MILLER | CLERK | 7782 | 1982-01-23 | 1430.00 | NULL |     10 |
+-------+--------+-------+------+------------+---------+------+--------+
4 rows in set (0.00 sec)
----------------------------------------------------------------------------------------------------
Q no 22:  To list all employees with job containing L at third position and M at third last position

mysql> select * from emp where job like '__L%M__';
+-------+--------+----------+------+------------+---------+---------+--------+
| EMPNO | ENAME  | JOB      | MGR  | HIREDATE   | SAL     | COMM    | DEPTNO |
+-------+--------+----------+------+------------+---------+---------+--------+
|  7499 | ALLEN  | SALESMAN | 7698 | 1981-02-20 | 1760.00 |  300.00 |     30 |
|  7521 | WARD   | SALESMAN | 7698 | 1981-02-22 | 1375.00 |  500.00 |     30 |
|  7654 | MARTIN | SALESMAN | 7698 | 1981-09-28 | 1375.00 | 1400.00 |     30 |
|  7844 | TURNER | SALESMAN | 7698 | 1981-09-08 | 1650.00 |    0.00 |     30 |
+-------+--------+----------+------+------------+---------+---------+--------+
4 rows in set (0.00 sec)
----------------------------------------------------------------------------------------------------
Q no 23: To list all employees with comm is null and name starts with 'S'
mysql> select * from emp where comm is null and regexp_like(ename,'^s');
+-------+-------+---------+------+------------+---------+------+--------+
| EMPNO | ENAME | JOB     | MGR  | HIREDATE   | SAL     | COMM | DEPTNO |
+-------+-------+---------+------+------------+---------+------+--------+
|  7369 | SMITH | CLERK   | 7902 | 1980-12-17 |  880.00 | NULL |     20 |
|  7788 | SCOTT | ANALYST | 7566 | 1982-12-09 | 3000.00 | NULL |     20 |
+-------+-------+---------+------+------------+---------+------+--------+
2 rows in set (0.00 sec)
----------------------------------------------------------------------------------------------------
Q no 24:  List employees in all dept whose salary not in the range of 2000 to 3000 with the job which is having a string called 'MAN' at the end.
mysql> select * from emp where sal between 2000 and 3000 and regexp_like(job,'^MAN');
+-------+-------+---------+------+------------+---------+------+--------+
| EMPNO | ENAME | JOB     | MGR  | HIREDATE   | SAL     | COMM | DEPTNO |
+-------+-------+---------+------+------------+---------+------+--------+
|  7782 | CLARK | MANAGER | 7839 | 1981-06-09 | 2695.00 | NULL |     10 |
+-------+-------+---------+------+------------+---------+------+--------+
1 row in set (0.00 sec)
----------------------------------------------------------------------------------------------------
Q no 25: List all the employee whose name does not end with 'S' in dept 20 and 30?
mysql> select * from emp where deptno in (20,30) and regexp_like(ename,'^[^s]');
+-------+--------+----------+------+------------+---------+---------+--------+
| EMPNO | ENAME  | JOB      | MGR  | HIREDATE   | SAL     | COMM    | DEPTNO |
+-------+--------+----------+------+------------+---------+---------+--------+
|  7499 | ALLEN  | SALESMAN | 7698 | 1981-02-20 | 1760.00 |  300.00 |     30 |
|  7521 | WARD   | SALESMAN | 7698 | 1981-02-22 | 1375.00 |  500.00 |     30 |
|  7566 | JONES  | MANAGER  | 7839 | 1981-04-02 | 3272.50 |    NULL |     20 |
|  7654 | MARTIN | SALESMAN | 7698 | 1981-09-28 | 1375.00 | 1400.00 |     30 |
|  7698 | BLAKE  | MANAGER  | 7839 | 1981-05-01 | 3135.00 |    NULL |     30 |
|  7844 | TURNER | SALESMAN | 7698 | 1981-09-08 | 1650.00 |    0.00 |     30 |
|  7876 | ADAMS  | CLERK    | 7788 | 1983-01-12 | 1100.00 |    NULL |     20 |
|  7900 | JAMES  | CLERK    | 7698 | 1981-12-03 | 1045.00 |    NULL |     30 |
|  7902 | FORD   | ANALYST  | 7566 | 1981-12-03 | 3300.00 |    NULL |     20 |
+-------+--------+----------+------+------------+---------+---------+--------+
9 rows in set (0.00 sec)
----------------------------------------------------------------------------------------------------
Q no 26: Display dept names which are having letter 'O'.
mysql> select * from dept where regexp_like(dname,'.*O.*');
+--------+------------+----------+
| DEPTNO | DNAME      | LOC      |
+--------+------------+----------+
|     10 | ACCOUNTING | NEW YORK |
|     40 | OPERATIONS | BOSTON   |
+--------+------------+----------+
2 rows in set (0.00 sec)
---------------------------------------------------------------------------------------------------------
Q no 27: Display list all employees whose name ends with ER.
mysql> select * from emp where regexp_like(ename,'.*ER$');
+-------+--------+----------+------+------------+---------+------+--------+
| EMPNO | ENAME  | JOB      | MGR  | HIREDATE   | SAL     | COMM | DEPTNO |
+-------+--------+----------+------+------------+---------+------+--------+
|  7844 | TURNER | SALESMAN | 7698 | 1981-09-08 | 1650.00 | 0.00 |     30 |
|  7934 | MILLER | CLERK    | 7782 | 1982-01-23 | 1430.00 | NULL |     10 |
+-------+--------+----------+------+------------+---------+------+--------+
2 rows in set (0.00 sec)
----------------------------------------------------------------------------------------------------------
Q no 28:  Display all employees where comm is null and name starts with 'S'.
mysql> select * from emp where comm is null and regexp_like(ename,'^S.*');
+-------+-------+---------+------+------------+---------+------+--------+
| EMPNO | ENAME | JOB     | MGR  | HIREDATE   | SAL     | COMM | DEPTNO |
+-------+-------+---------+------+------------+---------+------+--------+
|  7369 | SMITH | CLERK   | 7902 | 1980-12-17 |  880.00 | NULL |     20 |
|  7788 | SCOTT | ANALYST | 7566 | 1982-12-09 | 3000.00 | NULL |     20 |
+-------+-------+---------+------+------------+---------+------+--------+
2 rows in set (0.00 sec)