Q no 1: list all rooms which are allocated or not allocated to any courses. use joins
--------------------------------------------------------------------------------------
select r.rid,r.rname,c.cid,c.cname
from room r
left join courses c
on r.rid = c.rid;
-----------------------------------------------
mysql> select r.rid,r.rname,c.cid,c.cname
    -> from room r
    -> left join courses c
    -> on r.rid = c.rid;
+-----+--------+------+-------+
| rid | rname  | cid  | cname |
+-----+--------+------+-------+
| 100 | Jasmin |  121 | DBDA  |
| 101 | Rose   |  131 | DAC   |
| 103 | Mogra  | NULL | NULL  |
| 105 | Lotus  |  151 | DOIT  |
+-----+--------+------+-------+
4 rows in set (0.00 sec)
---------------------------------------------------------------------
select c.cid,c.cname,r.rid,r.rname
from courses c
right join room r
on c.rid = r.rid;
-----------------------------------------

mysql>  select c.cid,c.cname,r.rid,r.rname
    -> from courses c
    -> right join room r
    -> on c.rid = r.rid;
+------+-------+-----+--------+
| cid  | cname | rid | rname  |
+------+-------+-----+--------+
|  121 | DBDA  | 100 | Jasmin |
|  131 | DAC   | 101 | Rose   |
| NULL | NULL  | 103 | Mogra  |
|  151 | DOIT  | 105 | Lotus  |
+------+-------+-----+--------+
4 rows in set (0.00 sec)
---------------------------------------------------------------------------------------------------------
Q no 2: display all products sold by kirti.
-------------------------------------------------------------------------------------------------------
select p.pid,p.pname,p.price,p.qty,s.sid,s.sname,s.city
from product p
left join salesman s
on p.sid = s.sid
where s.sname = 'kirti';
-------------------------------------------------------------
+-----+--------+-------+------+------+-------+--------+
| pid | pname  | price | qty  | sid  | sname | city   |
+-----+--------+-------+------+------+-------+--------+
| 123 | lays   | 30.00 |   30 |   12 | kirti | mumbai |
| 134 | nachos | 50.00 |   50 |   12 | kirti | mumbai |
+-----+--------+-------+------+------+-------+--------+
2 rows in set (0.00 sec)
------------------------------------------------------------------------------------------------------------------
3. consider emp and dept table display empno,ename,deptno,dname and loc for all employees.
------------------------------------------------------------------------------------------------------
select e.empno,e.ename,e.deptno,d.dname,d.loc
from emp e
left join dept d
on e.deptno=d.deptno;
-------------------------------------------------------------------
+-------+--------+--------+------------+----------+
| empno | ename  | deptno | dname      | loc      |
+-------+--------+--------+------------+----------+
|  7369 | SMITH  |     20 | RESEARCH   | DALLAS   |
|  7499 | ALLEN  |     30 | SALES      | CHICAGO  |
|  7521 | WARD   |     30 | SALES      | CHICAGO  |
|  7566 | JONES  |     20 | RESEARCH   | DALLAS   |
|  7654 | MARTIN |     30 | SALES      | CHICAGO  |
|  7698 | BLAKE  |     30 | SALES      | CHICAGO  |
|  7782 | CLARK  |     10 | ACCOUNTING | NEW YORK |
|  7788 | SCOTT  |     20 | RESEARCH   | DALLAS   |
|  7839 | KING   |     10 | ACCOUNTING | NEW YORK |
|  7844 | TURNER |     30 | SALES      | CHICAGO  |
|  7876 | ADAMS  |     20 | RESEARCH   | DALLAS   |
|  7900 | JAMES  |     30 | SALES      | CHICAGO  |
|  7902 | FORD   |     20 | RESEARCH   | DALLAS   |
|  7934 | MILLER |     10 | ACCOUNTING | NEW YORK |
+-------+--------+--------+------------+----------+
14 rows in set (0.00 sec)
-------------------------------------------------------------------------------------------------------------------

Q no 4. consider emp and dept table display empno,ename,deptno,dname and loc for all employees who are working as managers.
------------------------------------------------------------------------------------------------------
select e.empno,e.ename,e.deptno,d.dname,d.loc
from emp e
left join dept d
on e.deptno=d.deptno
where e.job='manager';
---------------------------------------------------------------------------
+-------+-------+--------+------------+----------+
| empno | ename | deptno | dname      | loc      |
+-------+-------+--------+------------+----------+
|  7566 | JONES |     20 | RESEARCH   | DALLAS   |
|  7698 | BLAKE |     30 | SALES      | CHICAGO  |
|  7782 | CLARK |     10 | ACCOUNTING | NEW YORK |
+-------+-------+--------+------------+----------+
3 rows in set (0.00 sec)
---------------------------------------------------------------------------------------------------------------
Q no 5. consider emp and dept table display deptno and dname to whom employee are assigned and also the dept to whom employees are not assigned.
-----------------------------------------------------------------------------------------------------------
select d.deptno,d.dname,e.deptno
from dept d
left join emp e
on d.deptno = e.deptno;
------------------------------------------------------------
mysql> select d.deptno,d.dname,e.deptno
    -> from dept d
    -> left join emp e
    -> on d.deptno = e.deptno;
+--------+------------+--------+
| deptno | dname      | deptno |
+--------+------------+--------+
|     10 | ACCOUNTING |     10 |
|     10 | ACCOUNTING |     10 |
|     10 | ACCOUNTING |     10 |
|     20 | RESEARCH   |     20 |
|     20 | RESEARCH   |     20 |
|     20 | RESEARCH   |     20 |
|     20 | RESEARCH   |     20 |
|     20 | RESEARCH   |     20 |
|     30 | SALES      |     30 |
|     30 | SALES      |     30 |
|     30 | SALES      |     30 |
|     30 | SALES      |     30 |
|     30 | SALES      |     30 |
|     30 | SALES      |     30 |
|     40 | OPERATIONS |   NULL |
+--------+------------+--------+
15 rows in set (0.00 sec)
-------------------------------------------------------------------------------------------------------------------
Q no 6. from emp table, display empno,ename,mgr and name of manager for each employee.
----------------------------------------------------------------------------------------------------------------------------
select e.empno,e.ename,e.mgr,m.ename
from emp e
join emp m
on e.mgr = m.empno;
---------------------------------------------------------
mysql> select e.empno,e.ename,e.mgr,m.ename
    -> from emp e
    -> join emp m
    -> on e.mgr = m.empno;
+-------+--------+------+-------+
| empno | ename  | mgr  | ename |
+-------+--------+------+-------+
|  7902 | FORD   | 7566 | JONES |
|  7788 | SCOTT  | 7566 | JONES |
|  7900 | JAMES  | 7698 | BLAKE |
|  7844 | TURNER | 7698 | BLAKE |
|  7654 | MARTIN | 7698 | BLAKE |
|  7521 | WARD   | 7698 | BLAKE |
|  7499 | ALLEN  | 7698 | BLAKE |
|  7934 | MILLER | 7782 | CLARK |
|  7876 | ADAMS  | 7788 | SCOTT |
|  7782 | CLARK  | 7839 | KING  |
|  7698 | BLAKE  | 7839 | KING  |
|  7566 | JONES  | 7839 | KING  |
|  7369 | SMITH  | 7902 | FORD  |
+-------+--------+------+-------+
13 rows in set (0.00 sec)
----------------------------------------------------------------------------------------------------------------
mysql> create table Product_table (pid int,pname varchar(20),sid int);
Query OK, 0 rows affected (0.05 sec)

mysql>  insert into product_table values(1,'pen',2),(2,'pencil',3),(3,'eraser',2),(4,'sketch pens',1);
Query OK, 4 rows affected (0.01 sec)
Records: 4  Duplicates: 0  Warnings: 0

mysql> select * from Product_table;
+------+-------------+------+
| pid  | pname       | sid  |
+------+-------------+------+
|    1 | pen         |    2 |
|    2 | pencil      |    3 |
|    3 | eraser      |    2 |
|    4 | sketch pens |    1 |
+------+-------------+------+
4 rows in set (0.00 sec)
-----------------------------------------------------------------------------------------------------
write a query to display pid,pname,sid and sample name for all products.
------------------------------------------------------------------------------------------------------
select p.pid,p.pname,p.sid,s.pname
from product_table p
join product_table s
on p.sid=s.sid;
---------------------------------------------------------------------
mysql> select p.pid,p.pname,p.sid,s.pname
    -> from product_table p
    -> join product_table s
    -> on p.sid=s.sid;
+------+-------------+------+-------------+
| pid  | pname       | sid  | pname       |
+------+-------------+------+-------------+
|    3 | eraser      |    2 | pen         |
|    1 | pen         |    2 | pen         |
|    2 | pencil      |    3 | pencil      |
|    3 | eraser      |    2 | eraser      |
|    1 | pen         |    2 | eraser      |
|    4 | sketch pens |    1 | sketch pens |
+------+-------------+------+-------------+
6 rows in set (0.00 sec)
---------------------------------------------------------------------------------------------------------------------------
Q no8. write a query to display prodid,pname,qty,price,sid,sname an city for all products having price greter than 50.
------------------------------------------------------------------------------------------------
select p.pid,p.pname,p.qty,p.price,s.sid,s.sname,s.city
from product p
right join salesman s
on p.sid = s.sid
where p.price > 50;
----------------------------------------------------------------
mysql> select p.pid,p.pname,p.qty,p.price,s.sid,s.sname,s.city
    -> from product p
    -> left join salesman s
    -> on p.sid = s.sid
    -> where p.price > 50;
+-----+-------------+------+-------+------+-------+------+
| pid | pname       | qty  | price | sid  | sname | city |
+-----+-------------+------+-------+------+-------+------+
| 167 | eraser      |    5 | 90.00 | NULL | NULL  | NULL |
| 213 | sketch pens |  150 | 56.00 |   11 | rahul | pune |
+-----+-------------+------+-------+------+-------+------+
2 rows in set (0.00 sec)
-------------------------------------------------------------------------------------------------------------------
*******************************try**************************************************
mysql> select p.pid,p.pname,p.qty,p.price,s.sid,s.sname,s.city
    -> from product p
    -> right join salesman s
    -> on p.sid = s.sid
    -> where p.price > 50;
+------+-------------+------+-------+-----+-------+------+
| pid  | pname       | qty  | price | sid | sname | city |
+------+-------------+------+-------+-----+-------+------+
|  213 | sketch pens |  150 | 56.00 |  11 | rahul | pune |
+------+-------------+------+-------+-----+-------+------+
1 row in set (0.00 sec)
---------------------------------------------------------------------------------------------------------------------
Q no 9. list all pid,pname,cid,cname with category chips.
---------------------------------------------------------------------------------------------------------------------
select p.pid,p.pname,p.cid,c.cname
from product p
left join category c
on p.cid = c.cid
where c.cname = 'chips';
------------------------------------------------
mysql> select p.pid,p.pname,p.cid,c.cname
    -> from product p
    -> left join category c
    -> on p.cid = c.cid
    -> where c.cname = 'chips';
+-----+----------+------+-------+
| pid | pname    | cid  | cname |
+-----+----------+------+-------+
| 123 | lays     |    1 | chips |
| 125 | pringles |    1 | chips |
| 134 | nachos   |    1 | chips |
+-----+----------+------+-------+
3 rows in set (0.00 sec)
----------------------------------------------------------------------------------------------
Q no 10. consider emp, dept,salgrade table and solve the following query
display empno,ename,deptno,dname,sal,grade.
-------------------------------------------------------------------------------------------------------------
select e.ename,e.deptno,e.sal,d.dname,s.grade
from emp e
join dept d
on e.deptno=d.deptno
join salgrade s 
on e.sal between s.losal and s.hisal;
--------------------------------------------------------------------
mysql> select e.ename,e.deptno,e.sal,d.dname,s.grade
    -> from emp e
    -> join dept d
    -> on e.deptno=d.deptno
    -> join salgrade s
    -> on e.sal between s.losal and s.hisal;
+--------+--------+---------+------------+-------+
| ename  | deptno | sal     | dname      | grade |
+--------+--------+---------+------------+-------+
| JAMES  |     30 | 1045.00 | SALES      |     1 |
| ADAMS  |     20 | 1100.00 | RESEARCH   |     1 |
| SMITH  |     20 |  880.00 | RESEARCH   |     1 |
| MARTIN |     30 | 1375.00 | SALES      |     2 |
| WARD   |     30 | 1375.00 | SALES      |     2 |
| MILLER |     10 | 1430.00 | ACCOUNTING |     3 |
| TURNER |     30 | 1650.00 | SALES      |     3 |
| ALLEN  |     30 | 1760.00 | SALES      |     3 |
| SCOTT  |     20 | 3000.00 | RESEARCH   |     4 |
| CLARK  |     10 | 2695.00 | ACCOUNTING |     4 |
| FORD   |     20 | 3300.00 | RESEARCH   |     5 |
| KING   |     10 | 5500.00 | ACCOUNTING |     5 |
| BLAKE  |     30 | 3135.00 | SALES      |     5 |
| JONES  |     20 | 3272.50 | RESEARCH   |     5 |
+--------+--------+---------+------------+-------+
14 rows in set (0.00 sec)
---------------------------------------------------------------------------------------------------------------------
mysql> create table increment( grade int, hike int);
Query OK, 0 rows affected (0.02 sec)

mysql> insert into increment values (1,10),(2,7),(3,5),(4,2),(5,null);
Query OK, 5 rows affected (0.01 sec)
Records: 5  Duplicates: 0  Warnings: 0

mysql> select * from increment;
+-------+------+
| grade | hike |
+-------+------+
|     1 |   10 |
|     2 |    7 |
|     3 |    5 |
|     4 |    2 |
|     5 | NULL |
+-------+------+
5 rows in set (0.00 sec)
----------------------------------------------------------------------------------------------------------------------
display empno,ename,deptno,dname,sal,grade,hike for all employee.
--------------------------------------------------------------------------------------------------------------------
select e.ename,e.deptno,e.sal,d.dname,s.grade,i.hike
from emp e
join dept d
on e.deptno=d.deptno
join salgrade s 
on e.sal between s.losal and s.hisal
join increment i
on i.grade = s.grade;
-----------------------------------------------------------------------------
mysql> select e.ename,e.deptno,e.sal,d.dname,s.grade,i.hike
    -> from emp e
    -> join dept d
    -> on e.deptno=d.deptno
    -> join salgrade s
    -> on e.sal between s.losal and s.hisal
    -> join increment i
    -> on i.grade = s.grade;
+--------+--------+---------+------------+-------+------+
| ename  | deptno | sal     | dname      | grade | hike |
+--------+--------+---------+------------+-------+------+
| SMITH  |     20 |  880.00 | RESEARCH   |     1 |   10 |
| ADAMS  |     20 | 1100.00 | RESEARCH   |     1 |   10 |
| JAMES  |     30 | 1045.00 | SALES      |     1 |   10 |
| WARD   |     30 | 1375.00 | SALES      |     2 |    7 |
| MARTIN |     30 | 1375.00 | SALES      |     2 |    7 |
| ALLEN  |     30 | 1760.00 | SALES      |     3 |    5 |
| TURNER |     30 | 1650.00 | SALES      |     3 |    5 |
| MILLER |     10 | 1430.00 | ACCOUNTING |     3 |    5 |
| CLARK  |     10 | 2695.00 | ACCOUNTING |     4 |    2 |
| SCOTT  |     20 | 3000.00 | RESEARCH   |     4 |    2 |
| JONES  |     20 | 3272.50 | RESEARCH   |     5 | NULL |
| BLAKE  |     30 | 3135.00 | SALES      |     5 | NULL |
| KING   |     10 | 5500.00 | ACCOUNTING |     5 | NULL |
| FORD   |     20 | 3300.00 | RESEARCH   |     5 | NULL |
+--------+--------+---------+------------+-------+------+
14 rows in set (0.00 sec)